"Text.Cleaning","Tokenization","Normalization","Stop.Words.Removal","Spell.Checking","Stemming","Lemmatization"
"features","features","features","features","features","featur","feature"
"pricing","pricing","pricing","pricing","pricing","price","price"
"resources","resources","resources","resources","resources","resourc","resource"
"more","ineffective","ineffective","ineffective","ineffective","ineffect","ineffective"
"ineffective","strategic","strategic","strategic","strategic","strateg","strategic"
"strategic","decision making","decision making","decision making","decision making","decisionmak","decisionmaking"
"decision-making","costly","costly","costly","costly","costli","costly"
"is","McKinney","McKinney","McKinney","McKinney","mckinsei","mckinsey"
"costly.","time","time","time","time","time","time"
"per","spent","spent","spent","spent","spent","spend"
"mckinsey,","decision making","decision making","decision making","decision making","decisionmak","decisionmaking"
"50%","inefficient","inefficient","inefficient","inefficient","ineffici","inefficient"
"of","estimated","estimated","estimated","estimated","estim","estimate"
"the","business","business","business","business","busi","business"
"time","million","million","million","million","million","million"
"spent","average","average","average","average","averag","average"
"on","fortune","fortune","fortune","fortune","fortun","fortune"
"decision-making","company","company","company","company","compani","company"
"was","short term","short term","short term","short term","shortterm","shortterm"
"inefficient,","loss","loss","loss","loss","loss","loss"
"with","company","company","company","company","compani","companys"
"an","long term","long term","long term","long term","longterm","longterm"
"estimated","health","health","health","health","health","health"
"business","jeopardy","jeopardy","jeopardy","jeopardy","jeopardi","jeopardy"
"value","strategic","strategic","strategic","strategic","strateg","strategic"
"of","decision making","decision making","decision making","decision making","decisionmak","decisionmaking"
"$250","process","process","process","process","process","process"
"million","improve","improve","improve","improve","improv","improve"
"for","long term","long term","long term","long term","longterm","longterm"
"the","plans","plans","plans","plans","plan","plan"
"average","choices","choices","choices","choices","choic","choice"
"fortune","tough","tough","tough","tough","tough","tough"
"500","function","function","function","function","function","function"
"company.","fraught","fraught","fraught","fraught","fraught","fraught"
"aside","risk","risk","risk","risk","risk","risk"
"from","uncertainty","uncertainty","uncertainty","uncertainty","uncertainti","uncertainty"
"the","ambiguity","ambiguity","ambiguity","ambiguity","ambigu","ambiguity"
"short-term","complexity","complexity","complexity","complexity","complex","complexity"
"loss,","additionally","additionally","additionally","additionally","addition","additionally"
"the","barriers","barriers","barriers","barriers","barrier","barrier"
"company's","time","time","time","time","time","time"
"long-term","constraints","constraints","constraints","constraints","constraint","constraint"
"health","executive","executive","executive","executive","execut","executive"
"is","biases","biases","biases","biases","bias","bias"
"in","team","team","team","team","team","team"
"jeopardy","conflict","conflict","conflict","conflict","conflict","conflict"
"if","knowledge","knowledge","knowledge","knowledge","knowledg","knowledge"
"the","gaps","gaps","gaps","gaps","gap","gap"
"strategic","challenging","challenging","challenging","challenging","challeng","challenge"
"decision-making","executives","executives","executives","executives","execut","executive"
"process","sound","sound","sound","sound","sound","sound"
"does","business","business","business","business","busi","business"
"not","decisions","decisions","decisions","decisions","decis","decision"
"improve.","technology","technology","technology","technology","technologi","technology"
"making","solve","solve","solve","solve","solv","solve"
"long-term","issues","issues","issues","issues","issu","issue"
"plans","bias","bias","bias","bias","bia","bias"
"and","conflicts","conflicts","conflicts","conflicts","conflict","conflict"
"choices","improve","improve","improve","improve","improv","improve"
"is","speed","speed","speed","speed","speed","speed"
"a","agility","agility","agility","agility","agil","agility"
"tough","collaboration","collaboration","collaboration","collaboration","collabor","collaboration"
"function.","accuracy","accuracy","accuracy","accuracy","accuraci","accuracy"
"it","monitoring","monitoring","monitoring","monitoring","monitor","monitor"
"is","technology","technology","technology","technology","technologi","technology"
"fraught","understand","understand","understand","understand","understand","understand"
"with","risk","risk","risk","risk","risk","risk"
"risk,","decision","decision","decision","decision","decis","decision"
"uncertainty,","develop","develop","develop","develop","develop","develop"
"ambiguity,","strategies","strategies","strategies","strategies","strategi","strategy"
"and","future proof","future proof","future proof","future proof","futureproof","futureproof"
"complexity.","choices","choices","choices","choices","choic","choice"
"additionally,","article","article","article","article","articl","article"
"barriers","explore","explore","explore","explore","explor","explore"
"like","technology","technology","technology","technology","technologi","technology"
"time","supercharge","supercharge","supercharge","supercharge","supercharg","supercharge"
"constraints,","develop","develop","develop","develop","develop","develop"
"executive","adopt","adopt","adopt","adopt","adopt","adopt"
"biases,","effective","effective","effective","effective","effect","effective"
"team","strategic","strategic","strategic","strategic","strateg","strategic"
"conflict,","decisions","decisions","decisions","decisions","decis","decision"
"and","drive","drive","drive","drive","drive","drive"
"knowledge","revenue","revenue","revenue","revenue","revenu","revenue"
"gaps","growth","growth","growth","growth","growth","growth"
"can","companies","companies","companies","companies","compani","company"
"make","struggle","struggle","struggle","struggle","struggl","struggle"
"it","gathering","gathering","gathering","gathering","gather","gather"
"further","leveraging","leveraging","leveraging","leveraging","leverag","leverage"
"challenging","data","data","data","data","data","datum"
"for","multiple","multiple","multiple","multiple","multipl","multiple"
"executives","sources","sources","sources","sources","sourc","source"
"to","customer","customer","customer","customer","custom","customer"
"make","relationship","relationship","relationship","relationship","relationship","relationship"
"sound","management","management","management","management","manag","management"
"business","tools","tools","tools","tools","tool","tool"
"decisions.","social","social","social","social","social","social"
"technology","media","media","media","media","media","medium"
"cannot","websites","websites","websites","websites","websit","website"
"solve","industry","industry","industry","industry","industri","industry"
"issues","data","data","data","data","data","datum"
"like","government","government","government","government","govern","government"
"bias","data","data","data","data","data","datum"
"and","talk","talk","talk","talk","talk","talk"
"conflicts","digging","digging","digging","digging","dig","dig"
"but","deep","deep","deep","deep","deep","deep"
"can","gain","gain","gain","gain","gain","gain"
"help","valuable","valuable","valuable","valuable","valuabl","valuable"
"you","insights","insights","insights","insights","insight","insight"
"improve","challenge","challenge","challenge","challenge","challeng","challenge"
"speed,","dimensions","dimensions","dimensions","dimensions","dimens","dimension"
"agility,","data","data","data","data","data","datum"
"collaboration,","volume","volume","volume","volume","volum","volume"
"accuracy,","sheer","sheer","sheer","sheer","sheer","sheer"
"and","volume","volume","volume","volume","volum","volume"
"monitoring.","data","data","data","data","data","datum"
"technology","companies","companies","companies","companies","compani","company"
"can","generate","generate","generate","generate","gener","generate"
"also","days","days","days","days","dai","day"
"help","massive","massive","massive","massive","massiv","massive"
"you","velocity","velocity","velocity","velocity","veloc","velocity"
"understand","speed","speed","speed","speed","speed","speed"
"the","generate","generate","generate","generate","gener","generate"
"risk","data","data","data","data","data","datum"
"associated","incredible","incredible","incredible","incredible","incred","incredible"
"with","pace","pace","pace","pace","pace","pace"
"each","veracity","veracity","veracity","veracity","verac","veracity"
"decision","data","data","data","data","data","datum"
"and","generated","generated","generated","generated","gener","generate"
"help","valuable","valuable","valuable","valuable","valuabl","valuable"
"you","variety","variety","variety","variety","varieti","variety"
"develop","companies","companies","companies","companies","compani","company"
"strategies","generate","generate","generate","generate","gener","generate"
"to","data","data","data","data","data","datum"
"future-proof","multiple","multiple","multiple","multiple","multipl","multiple"
"your","sources","sources","sources","sources","sourc","source"
"choices.","formats","formats","formats","formats","format","format"
"in","technology","technology","technology","technology","technologi","technology"
"this","makes","makes","makes","makes","make","make"
"article,","aggregate","aggregate","aggregate","aggregate","aggreg","aggregate"
"we","data","data","data","data","data","datum"
"e","multiple","multiple","multiple","multiple","multipl","multiple"
"tongue","sources","sources","sources","sources","sourc","source"
"sticking","convert","convert","convert","convert","convert","convert"
"out","formats","formats","formats","formats","format","format"
"lore","easily","easily","easily","easily","easili","easily"
"11","queried","queried","queried","queried","queri","query"
"ways","chippy","chippy","chippy","chippy","kippi","kippy"
"technology","offers","offers","offers","offers","offer","offer"
"can","no code","no code","no code","no code","nocod","nocode"
"supercharge","integration","integration","integration","integration","integr","integration"
"how","API","API","API","API","api","api"
"you","mix","mix","mix","mix","mix","mix"
"develop","data","data","data","data","data","datum"
"and","sources","sources","sources","sources","sourc","source"
"adopt","single","single","single","single","singl","single"
"effective","source","source","source","source","sourc","source"
"strategic","truth","truth","truth","truth","truth","truth"
"decisions","strategic","strategic","strategic","strategic","strateg","strategic"
"that","objectives","objectives","objectives","objectives","object","objective"
"drive","aggregating","aggregating","aggregating","aggregating","aggreg","aggregate"
"revenue","data","data","data","data","data","datum"
"growth.","single","single","single","single","singl","single"
"companies","pipeline","pipeline","pipeline","pipeline","pipelin","pipeline"
"struggle","businesses","businesses","businesses","businesses","busi","business"
"with","perform","perform","perform","perform","perform","perform"
"gathering","data","data","data","data","data","datum"
"and","analysis","analysis","analysis","analysis","analysi","analysis"
"leveraging","query","query","query","query","queri","query"
"data","data","data","data","data","data","datum"
"from","helpful","helpful","helpful","helpful","help","helpful"
"multiple","relevant","relevant","relevant","relevant","relev","relevant"
"sources","insights","insights","insights","insights","insight","insight"
"(customer","decision makers","decision makers","decision makers","decision makers","decisionmak","decisionmakers"
"relationship","patterns","patterns","patterns","patterns","pattern","pattern"
"management","identify","identify","identify","identify","identifi","identify"
"tools,","themes","themes","themes","themes","theme","theme"
"social","discover","discover","discover","discover","discov","discover"
"media,","connections","connections","connections","connections","connect","connection"
"websites,","categorize","categorize","categorize","categorize","categor","categorize"
"industry","spot","spot","spot","spot","spot","spot"
"data,","unusual","unusual","unusual","unusual","unusu","unusual"
"government","situations","situations","situations","situations","situat","situation"
"data,","companies","companies","companies","companies","compani","company"
"etc.)","tools","tools","tools","tools","tool","tool"
"and","clean","clean","clean","clean","clean","clean"
"talk","process","process","process","process","process","process"
"more","visualize","visualize","visualize","visualize","visual","visualize"
"about","manipulate","manipulate","manipulate","manipulate","manipul","manipulate"
"digging","data","data","data","data","data","datum"
"deep","task","task","task","task","task","task"
"to","typically","typically","typically","typically","typic","typically"
"gain","scope","scope","scope","scope","scope","scope"
"valuable","spreadsheets","spreadsheets","spreadsheets","spreadsheets","spreadsheet","spreadsheet"
"insights.","tools","tools","tools","tools","tool","tool"
"this","tableau","tableau","tableau","tableau","tableau","tableau"
"challenge","Microsoft","Microsoft","Microsoft","Microsoft","microsoft","microsoft"
"has","power","power","power","power","power","power"
"to","python","python","python","python","python","python"
"do","MySQL","MySQL","MySQL","MySQL","mysql","mysql"
"with","oracle","oracle","oracle","oracle","oracl","oracle"
"the","rapid miner","rapid miner","rapid miner","rapid miner","rapidmin","rapidminer"
"four","ass","ass","ass","ass","sa","sas"
"dimensions","IBM","IBM","IBM","IBM","ibm","ibm"
"of","cog nos","cog nos","cog nos","cog nos","cogno","cognos"
"data:","analytic","analytic","analytic","analytic","analyt","analytics"
"volume:","examples","examples","examples","examples","exampl","example"
"the","powered","powered","powered","powered","aipow","aipowered"
"sheer","tools","tools","tools","tools","tool","tool"
"volume","companies","companies","companies","companies","compani","company"
"of","analyze","analyze","analyze","analyze","analyz","analyze"
"data","visualize","visualize","visualize","visualize","visual","visualize"
"companies","data","data","data","data","data","datum"
"generate","intelligent","intelligent","intelligent","intelligent","intellig","intelligent"
"these","data driven","data driven","data driven","data driven","datadriven","datadriven"
"days","decision making","decision making","decision making","decision making","decisionmak","decisionmaking"
"is","introduction","introduction","introduction","introduction","introduct","introduction"
"massive.","stated","stated","stated","stated","state","state"
"velocity:","decisions","decisions","decisions","decisions","decis","decision"
"the","future","future","future","future","futur","future"
"speed","inherent","inherent","inherent","inherent","inher","inherent"
"with","risks","risks","risks","risks","risk","risk"
"which","uncertainty","uncertainty","uncertainty","uncertainty","uncertainti","uncertainty"
"they","technology","technology","technology","technology","technologi","technology"
"generate","ease","ease","ease","ease","eas","ease"
"data","burdens","burdens","burdens","burdens","burden","burden"
"is","risk","risk","risk","risk","risk","risk"
"at","analysis","analysis","analysis","analysis","analysi","analysis"
"an","mitigation","mitigation","mitigation","mitigation","mitig","mitigation"
"incredible","form","form","form","form","form","form"
"pace.","technology","technology","technology","technology","technologi","technology"
"veracity:","augmented","augmented","augmented","augmented","augment","augment"
"parts","intelligence","intelligence","intelligence","intelligence","intellig","intelligence"
"of","sub segment","sub segment","sub segment","sub segment","subseg","subsegment"
"the","artificial","artificial","artificial","artificial","artifici","artificial"
"data","intelligence","intelligence","intelligence","intelligence","intellig","intelligence"
"generated","machine","machine","machine","machine","machin","machine"
"will","learning","learning","learning","learning","learn","learn"
"be","statistical","statistical","statistical","statistical","statist","statistical"
"valuable,","algorithms","algorithms","algorithms","algorithms","algorithm","algorithm"
"and","analyze","analyze","analyze","analyze","analyz","analyze"
"others","historical","historical","historical","historical","histor","historical"
"not.","data","data","data","data","data","datum"
"variety:","deductions","deductions","deductions","deductions","deduct","deduction"
"companies","potential","potential","potential","potential","potenti","potential"
"generate","possibilities","possibilities","possibilities","possibilities","possibl","possibility"
"data","future","future","future","future","futur","future"
"from","potential","potential","potential","potential","potenti","potential"
"multiple","possibilities","possibilities","possibilities","possibilities","possibl","possibility"
"sources","include","include","include","include","includ","include"
"and","forecasting","forecasting","forecasting","forecasting","forecast","forecast"
"in","identifying","identifying","identifying","identifying","identifi","identify"
"different","potential","potential","potential","potential","potenti","potential"
"formats.","risks","risks","risks","risks","risk","risk"
"technology","optimizing","optimizing","optimizing","optimizing","optim","optimize"
"makes","resource","resource","resource","resource","resourc","resource"
"it","allocation","allocation","allocation","allocation","alloc","allocation"
"possible","future","future","future","future","futur","future"
"to","projects","projects","projects","projects","project","project"
"aggregate","companies","companies","companies","companies","compani","company"
"data","removing","removing","removing","removing","remov","remove"
"from","uncertainty","uncertainty","uncertainty","uncertainty","uncertainti","uncertainty"
"multiple","difference","difference","difference","difference","differ","difference"
"sources","prompt","prompt","prompt","prompt","prompt","prompt"
"and","decision","decision","decision","decision","decis","decision"
"convert","dawdling","dawdling","dawdling","dawdling","dawdl","dawdle"
"them","unknown","unknown","unknown","unknown","unknown","unknown"
"to","delaying","delaying","delaying","delaying","delai","delay"
"formats","critical","critical","critical","critical","critic","critical"
"that","business","business","business","business","busi","business"
"can","operations","operations","operations","operations","oper","operation"
"be","survey","survey","survey","survey","survei","survey"
"easily","McKinney","McKinney","McKinney","McKinney","mckinsei","mckinsey"
"queried.","respondents","respondents","respondents","respondents","respond","respondent"
"kippy","satisfied","satisfied","satisfied","satisfied","satisfi","satisfy"
"offers","business","business","business","business","busi","business"
"no-code","result","result","result","result","result","result"
"integrations","decisions","decisions","decisions","decisions","decis","decision"
"and","dissenting","dissenting","dissenting","dissenting","dissent","dissent"
"api","voices","voices","voices","voices","voic","voice"
"to","ample","ample","ample","ample","ampl","ample"
"mix","opportunity","opportunity","opportunity","opportunity","opportun","opportunity"
"data","express","express","express","express","express","express"
"from","compared","compared","compared","compared","compar","compare"
"various","respondents","respondents","respondents","respondents","respond","respondent"
"sources","experienced","experienced","experienced","experienced","experienc","experience"
"and","unsatisfactory","unsatisfactory","unsatisfactory","unsatisfactory","unsatisfactori","unsatisfactory"
"have","business","business","business","business","busi","business"
"a","results","results","results","results","result","result"
"single","result","result","result","result","result","result"
"source","survey","survey","survey","survey","survei","survey"
"of","underpins","underpins","underpins","underpins","underpin","underpin"
"truth","importance","importance","importance","importance","import","importance"
"for","effective","effective","effective","effective","effect","effective"
"your","communication","communication","communication","communication","commun","communication"
"strategic","strategic","strategic","strategic","strategic","strateg","strategic"
"objectives.","decision making","decision making","decision making","decision making","decisionmak","decisionmaking"
"after","process","process","process","process","process","process"
"aggregating","simply","simply","simply","simply","simpli","simply"
"data","informed","informed","informed","informed","inform","inform"
"into","decisions","decisions","decisions","decisions","decis","decision"
"a","requires","requires","requires","requires","requir","require"
"single","input","input","input","input","input","input"
"pipeline,","stakeholders","stakeholders","stakeholders","stakeholders","stakehold","stakeholder"
"businesses","executives","executives","executives","executives","execut","executive"
"need","lean","lean","lean","lean","lean","lean"
"to","diverse","diverse","diverse","diverse","divers","diverse"
"perform","pool","pool","pool","pool","pool","pool"
"data","skills","skills","skills","skills","skill","skill"
"analysis","backgrounds","backgrounds","backgrounds","backgrounds","background","background"
"to","experiences","experiences","experiences","experiences","experi","experience"
"query","perspectives","perspectives","perspectives","perspectives","perspect","perspective"
"the","diverse","diverse","diverse","diverse","divers","diverse"
"data","McKinney","McKinney","McKinney","McKinney","mckinsei","mckinsey"
"for","companies","companies","companies","companies","compani","company"
"helpful","top","top","top","top","top","top"
"and","quarterly","quarterly","quarterly","quarterly","quartil","quartile"
"relevant","gender","gender","gender","gender","gender","gender"
"insights.","diversity","diversity","diversity","diversity","divers","diversity"
"decision-makers","executive","executive","executive","executive","execut","executive"
"can","teams","teams","teams","teams","team","team"
"find","percent","percent","percent","percent","percent","percent"
"patterns","above average","above average","above average","above average","aboveaverag","aboveaverage"
"or","profitability","profitability","profitability","profitability","profit","profitability"
"identify","companies","companies","companies","companies","compani","company"
"themes,","fourth","fourth","fourth","fourth","fourth","4"
"discover","quarterly","quarterly","quarterly","quarterly","quartil","quartile"
"connections,","simple","simple","simple","simple","simpl","simple"
"categorize","technology","technology","technology","technology","technologi","technology"
"things,","tools","tools","tools","tools","tool","tool"
"spot","slack","slack","slack","slack","slack","slack"
"unusual","trellis","trellis","trellis","trellis","trello","trello"
"situations,","google","google","google","google","googl","google"
"and","workspace","workspace","workspace","workspace","workspac","workspace"
"more.","NASA","NASA","NASA","NASA","asana","asana"
"to","facilitate","facilitate","facilitate","facilitate","facilit","facilitate"
"get","mealtime","mealtime","mealtime","mealtime","realtim","realtime"
"to","communication","communication","communication","communication","commun","communication"
"this","collaboration","collaboration","collaboration","collaboration","collabor","collaboration"
"point,","Paul","Paul","Paul","Paul","paul","paul"
"companies","butt","butt","butt","butt","nutt","nutt"
"need","Ohio","Ohio","Ohio","Ohio","ohio","ohio"
"tools","university","university","university","university","univers","university"
"to","management","management","management","management","manag","management"
"clean,","professor","professor","professor","professor","professor","professor"
"process,","author","author","author","author","author","author"
"visualize,","decisions","decisions","decisions","decisions","decis","decision"
"and","fail","fail","fail","fail","fail","fail"
"manipulate","avoiding","avoiding","avoiding","avoiding","avoid","avoid"
"data,","blunders","blunders","blunders","blunders","blunder","blunder"
"a","traps","traps","traps","traps","trap","trap"
"task","lead","lead","lead","lead","lead","lead"
"typically","debacles","debacles","debacles","debacles","debacl","debacle"
"beyond","root","root","root","root","root","root"
"the","decision","decision","decision","decision","decis","decision"
"scope","failure","failure","failure","failure","failur","failure"
"of","selecting","selecting","selecting","selecting","select","select"
"spreadsheets.","limited","limited","limited","limited","limit","limit"
"tools","pool","pool","pool","pool","pool","pool"
"like","potential","potential","potential","potential","potenti","potential"
"tableau,","options","options","options","options","option","option"
"microsoft","solutions","solutions","solutions","solutions","solut","solution"
"power","Paul","Paul","Paul","Paul","paul","paul"
"bi,","butt","butt","butt","butt","nutt","nutt"
"python,","found","found","found","found","found","find"
"mysql,","executives","executives","executives","executives","execut","executive"
"oracle,","examine","examine","examine","examine","examin","examine"
"rapidminer,","additional","additional","additional","additional","addit","additional"
"sas,","alternative","alternative","alternative","alternative","altern","alternative"
"ibm","time","time","time","time","time","time"
"cognos","strategic","strategic","strategic","strategic","strateg","strategic"
"analytics,","decisions","decisions","decisions","decisions","decis","decision"
"etc.,","found","found","found","found","found","find"
"are","evidence","evidence","evidence","evidence","evid","evidence"
"examples","enlarging","enlarging","enlarging","enlarging","enlarg","enlarge"
"of","pool","pool","pool","pool","pool","pool"
"ai-powered","alternatives","alternatives","alternatives","alternatives","altern","alternative"
"tools","improves","improves","improves","improves","improv","improve"
"companies","quality","quality","quality","quality","qualiti","quality"
"use","decisions","decisions","decisions","decisions","decis","decision"
"to","foundational","foundational","foundational","foundational","foundat","foundational"
"analyze","ego","ego","ego","ego","ego","ego"
"and","haste","haste","haste","haste","hast","haste"
"visualize","biased","biased","biased","biased","bias","bias"
"data","motives","motives","motives","motives","motiv","motive"
"for","responsible","responsible","responsible","responsible","respons","responsible"
"intelligent","executives","executives","executives","executives","execut","executive"
"data-driven","sticking","sticking","sticking","sticking","stick","stick"
"decision-making.","alternative","alternative","alternative","alternative","altern","alternative"
"in","technology","technology","technology","technology","technologi","technology"
"our","fix","fix","fix","fix","fix","fix"
"introduction,","garner","garner","garner","garner","garner","garner"
"we","brainstorm","brainstorm","brainstorm","brainstorm","brainstorm","brainstorm"
"stated","alternatives","alternatives","alternatives","alternatives","altern","alternative"
"that","wee","wee","wee","wee","weve","weve"
"making","established","established","established","established","establish","establish"
"decisions","building","building","building","building","build","build"
"for","pool","pool","pool","pool","pool","pool"
"the","alternatives","alternatives","alternatives","alternatives","altern","alternative"
"future","improves","improves","improves","improves","improv","improve"
"is","probability","probability","probability","probability","probabl","probability"
"inherent","quality","quality","quality","quality","qualiti","quality"
"with","decisions","decisions","decisions","decisions","decis","decision"
"risks","evaluate","evaluate","evaluate","evaluate","evalu","evaluate"
"and","alternatives","alternatives","alternatives","alternatives","altern","alternative"
"uncertainty.","analysis","analysis","analysis","analysis","analysi","analysis"
"technology","alternatives","alternatives","alternatives","alternatives","altern","alternative"
"can","aha","aha","aha","aha","aoa","aoa"
"help","tools","tools","tools","tools","tool","tool"
"ease","frameworks","frameworks","frameworks","frameworks","framework","framework"
"some","aha","aha","aha","aha","aoa","aoa"
"of","include","include","include","include","includ","include"
"these","scenario","scenario","scenario","scenario","scenario","scenario"
"burdens","analysis","analysis","analysis","analysis","analysi","analysis"
"with","consensus","consensus","consensus","consensus","consensu","consensus"
"risk","tracking","tracking","tracking","tracking","track","track"
"analysis","decision","decision","decision","decision","decis","decision"
"and","management","management","management","management","manag","management"
"mitigation.","cost benefit","cost benefit","cost benefit","cost benefit","costbenefit","costbenefit"
"this","analysis","analysis","analysis","analysis","analysi","analysis"
"form","risk","risk","risk","risk","risk","risk"
"of","evaluation","evaluation","evaluation","evaluation","evalu","evaluation"
"technology","suitability","suitability","suitability","suitability","suitabl","suitability"
"is","swot","swot","swot","swot","swot","swot"
"known","analysis","analysis","analysis","analysis","analysi","analysis"
"as","pest","pest","pest","pest","pest","pest"
"augmented","analysis","analysis","analysis","analysis","analysi","analysis"
"intelligence,","life cycle","life cycle","life cycle","life cycle","lifecycl","lifecycle"
"a","cost","cost","cost","cost","cost","cost"
"sub-segment","project","project","project","project","project","project"
"of","timeline","timeline","timeline","timeline","timelin","timeline"
"artificial","sensitivity","sensitivity","sensitivity","sensitivity","sensit","sensitivity"
"intelligence","analysis","analysis","analysis","analysis","analysi","analysis"
"(ai).","key","key","key","key","kei","key"
"it","factor","factor","factor","factor","factor","factor"
"uses","define","define","define","define","defin","define"
"machine","objectives","objectives","objectives","objectives","object","objective"
"learning","business","business","business","business","busi","business"
"and","context","context","context","context","context","context"
"statistical","determine","determine","determine","determine","determin","determine"
"algorithms","overriding","overriding","overriding","overriding","overrid","override"
"to","ground","ground","ground","ground","ground","grind"
"analyze","rules","rules","rules","rules","rule","rule"
"historical","analysis","analysis","analysis","analysis","analysi","analysis"
"data","based","based","based","based","base","base"
"and","simulate","simulate","simulate","simulate","simul","simul"
"make","tool","tool","tool","tool","tool","tool"
"deductions","organizations","organizations","organizations","organizations","organ","organization"
"about","experiment","experiment","experiment","experiment","experi","experiment"
"potential","business","business","business","business","busi","business"
"possibilities","processes","processes","processes","processes","process","process"
"in","plan","plan","plan","plan","plan","plan"
"the","scenarios","scenarios","scenarios","scenarios","scenario","scenario"
"future.","sap","sap","sap","sap","sap","sap"
"these","oracle","oracle","oracle","oracle","oracl","oracle"
"potential","modules","modules","modules","modules","modul","module"
"possibilities","features","features","features","features","featur","feature"
"include","performing","performing","performing","performing","perform","perform"
"forecasting","cost","cost","cost","cost","cost","cost"
"numbers,","analysis","analysis","analysis","analysis","analysi","analysis"
"identifying","risk","risk","risk","risk","risk","risk"
"potential","assessment","assessment","assessment","assessment","assess","assessment"
"risks,","bounded","bounded","bounded","bounded","bound","bound"
"and","rationality","rationality","rationality","rationality","ration","rationality"
"optimizing","challenges","challenges","challenges","challenges","challeng","challenge"
"resource","leaders","leaders","leaders","leaders","leader","leader"
"allocation","decisions","decisions","decisions","decisions","decis","decision"
"for","management","management","management","management","manag","management"
"future","school","school","school","school","school","school"
"projects.","defines","defines","defines","defines","defin","define"
"for","notion","notion","notion","notion","notion","notion"
"companies,","challenging","challenging","challenging","challenging","challeng","challenge"
"removing","complex","complex","complex","complex","complex","complex"
"uncertainty","issues","issues","issues","issues","issu","issue"
"can","leaders","leaders","leaders","leaders","leader","leader"
"be","grasp","grasp","grasp","grasp","grasp","grasp"
"the","makes","makes","makes","makes","make","make"
"difference","unable","unable","unable","unable","unabl","unable"
"between","rational","rational","rational","rational","ration","rational"
"making","situation","situation","situation","situation","situat","situation"
"a","incapable","incapable","incapable","incapable","incap","incapable"
"prompt","understanding","understanding","understanding","understanding","understand","understand"
"decision","alternative","alternative","alternative","alternative","altern","alternative"
"and","decision","decision","decision","decision","decis","decision"
"dawdling","makers","makers","makers","makers","maker","maker"
"because","limited","limited","limited","limited","limit","limit"
"of","knowledge","knowledge","knowledge","knowledge","knowledg","knowledge"
"the","business","business","business","business","busi","business"
"unknown,","executives","executives","executives","executives","execut","executive"
"thus","research","research","research","research","research","research"
"delaying","plenty","plenty","plenty","plenty","plenti","plenty"
"critical","pages","pages","pages","pages","page","page"
"business","bridge","bridge","bridge","bridge","bridg","bridge"
"operations.","gap","gap","gap","gap","gap","gap"
"in","technology","technology","technology","technology","technologi","technology"
"a","tools","tools","tools","tools","tool","tool"
"survey","leaders","leaders","leaders","leaders","leader","leader"
"by","tools","tools","tools","tools","tool","tool"
"mckinsey,","swot","swot","swot","swot","swot","swot"
"57%","analysis","analysis","analysis","analysis","analysi","analysis"
"of","research","research","research","research","research","research"
"respondents","market","market","market","market","market","market"
"satisfied","trends","trends","trends","trends","trend","trend"
"with","summarize","summarize","summarize","summarize","summar","summarize"
"the","competitors","competitors","competitors","competitors","competitor","competitor"
"business","annual","annual","annual","annual","annual","annual"
"result","reports","reports","reports","reports","report","report"
"of","additionally","additionally","additionally","additionally","addition","additionally"
"their","build","build","build","build","build","build"
"decisions","custom","custom","custom","custom","custom","custom"
"said","solutions","solutions","solutions","solutions","solut","solution"
"<e2><80><9c>dissenting","models","models","models","models","model","model"
"voices","power","power","power","power","power","power"
"were","tools","tools","tools","tools","tool","tool"
"given","solutions","solutions","solutions","solutions","solut","solution"
"an","built","built","built","built","built","build"
"ample","company","company","company","company","compani","companys"
"opportunity","data","data","data","data","data","datum"
"to","query","query","query","query","queri","query"
"e","applications","applications","applications","applications","applic","application"
"tongue","information","information","information","information","inform","information"
"sticking","customer","customer","customer","customer","custom","customer"
"out","journey","journey","journey","journey","journei","journey"
"ress","department","department","department","department","depart","department"
"themselves,<e2><80><9d>","product","product","product","product","product","product"
"compared","service","service","service","service","servic","service"
"to","decision making","decision making","decision making","decision making","decisionmak","decisionmaking"
"36%","process","process","process","process","process","process"
"of","tedious","tedious","tedious","tedious","tediou","tedious"
"respondents","repetitive","repetitive","repetitive","repetitive","repetit","repetitive"
"who","tasks","tasks","tasks","tasks","task","task"
"e","time","time","time","time","time","time"
"tongue","productive","productive","productive","productive","product","productive"
"sticking","hour","hour","hour","hour","hour","hour"
"out","counts","counts","counts","counts","count","count"
"erienced","today","today","today","today","todai","today"
"unsatisfactory","world","world","world","world","world","world"
"business","speed","speed","speed","speed","speed","speed"
"results.","agility","agility","agility","agility","agil","agility"
"the","telemarketing","telemarketing","telemarketing","telemarketing","timetomarket","timetomarket"
"result","matter","matter","matter","matter","matter","matter"
"of","open ended","open ended","open ended","open ended","openend","openended"
"that","feedback","feedback","feedback","feedback","feedback","feedback"
"survey","customers","customers","customers","customers","custom","customer"
"underpins","employees","employees","employees","employees","employe","employee"
"the","decision","decision","decision","decision","decis","decision"
"importance","till","till","till","till","itll","itll"
"of","days","days","days","days","dai","day"
"effective","weeks","weeks","weeks","weeks","week","week"
"communication","sift","sift","sift","sift","sift","sift"
"during","response","response","response","response","respons","response"
"the","uncover","uncover","uncover","uncover","uncov","uncover"
"strategic","valuable","valuable","valuable","valuable","valuabl","valuable"
"decision-making","insight","insight","insight","insight","insight","insight"
"process.","customer","customer","customer","customer","custom","customer"
"simply","employee","employee","employee","employee","employe","employee"
"put,","base","base","base","base","base","base"
"making","deploy","deploy","deploy","deploy","deploi","deploy"
"informed","automated","automated","automated","automated","autom","automate"
"decisions","text","text","text","text","text","text"
"requires","analytic","analytic","analytic","analytic","analyt","analytics"
"input","tag","tag","tag","tag","tag","tag"
"from","comment","comment","comment","comment","comment","comment"
"all","classify","classify","classify","classify","classifi","classify"
"stakeholders.","based","based","based","based","base","base"
"executives","sentiment","sentiment","sentiment","sentiment","sentiment","sentiment"
"can","theme","theme","theme","theme","theme","theme"
"lean","process","process","process","process","process","process"
"on","simplifies","simplifies","simplifies","simplifies","simplifi","simplify"
"a","easily","easily","easily","easily","easili","easily"
"diverse","dig","dig","dig","dig","dig","dig"
"pool","topics","topics","topics","topics","topic","topic"
"of","matter","matter","matter","matter","matter","matter"
"skills,","decision","decision","decision","decision","decis","decision"
"backgrounds,","manage","manage","manage","manage","manag","manage"
"e","corporate","corporate","corporate","corporate","corpor","corporate"
"tongue","strategy","strategy","strategy","strategy","strategi","strategy"
"sticking","artificial","artificial","artificial","artificial","artifici","artificial"
"out","intelligence","intelligence","intelligence","intelligence","intellig","intelligence"
"eriences,","tools","tools","tools","tools","tool","tool"
"and","chippy","chippy","chippy","chippy","kippi","kippy"
"perspectives.","executives","executives","executives","executives","execut","executive"
"the","line","line","line","line","line","line"
"more","managers","managers","managers","managers","manag","manager"
"diverse,","cascade","cascade","cascade","cascade","cascad","cascade"
"the","strategic","strategic","strategic","strategic","strateg","strategic"
"better.","decisions","decisions","decisions","decisions","decis","decision"
"per","goals","goals","goals","goals","goal","goal"
"mckinsey,","levels","levels","levels","levels","level","level"
"<e2><80><9c>companies","organization","organization","organization","organization","organ","organization"
"in","including","including","including","including","includ","include"
"the","business","business","business","business","busi","business"
"top","units","units","units","units","unit","unit"
"quartile","individuals","individuals","individuals","individuals","individu","individual"
"for","organization","organization","organization","organization","organ","organization"
"gender","there","there","there","there","theyr","theyre"
"diversity","priority","priority","priority","priority","prioriti","priority"
"on","assign","assign","assign","assign","assign","assign"
"executive","goal","goal","goal","goal","goal","goal"
"teams","task","task","task","task","task","task"
"were","decision","decision","decision","decision","decis","decision"
"25","team","team","team","team","team","team"
"percent","individual","individual","individual","individual","individu","individual"
"more","accountability","accountability","accountability","accountability","account","accountability"
"likely","ownership","ownership","ownership","ownership","ownership","ownership"
"to","task","task","task","task","task","task"
"have","essential","essential","essential","essential","essenti","essential"
"above-average","ensuring","ensuring","ensuring","ensuring","ensur","ensure"
"profitability","multiple","multiple","multiple","multiple","multipl","multiple"
"than","departments","departments","departments","departments","depart","department"
"companies","task","task","task","task","task","task"
"in","duplicating","duplicating","duplicating","duplicating","duplic","duplicate"
"the","effort","effort","effort","effort","effort","effort"
"fourth","study","study","study","study","studi","study"
"quartile.<e2><80><9d>","gr","gr","gr","gr","gri","gri"
"simple","tires","tires","tires","tires","tire","tire"
"technology","chippy","chippy","chippy","chippy","kippi","kippy"
"tools","bottomless","bottomless","bottomless","bottomless","toptobottom","toptobottom"
"like","strategic","strategic","strategic","strategic","strateg","strategic"
"slack,","alignment","alignment","alignment","alignment","align","alignment"
"trello,","cut","cut","cut","cut","cut","cut"
"google","losses","losses","losses","losses","loss","loss"
"workspace,","alter","alter","alter","alter","alter","alter"
"and","plans","plans","plans","plans","plan","plan"
"asana","continue","continue","continue","continue","continu","continue"
"facilitate","objective","objective","objective","objective","object","objective"
"real-time","data driven","data driven","data driven","data driven","datadriven","datadriven"
"communication","review","review","review","review","review","review"
"and","easy","easy","easy","easy","easi","easy"
"collaboration.","fall","fall","fall","fall","fall","fall"
"according","trap","trap","trap","trap","trap","trap"
"to","escalation","escalation","escalation","escalation","escal","escalation"
"paul","commitment","commitment","commitment","commitment","commit","commitment"
"nutt,","your","your","your","your","your","youre"
"ohio","stuck","stuck","stuck","stuck","stuck","stick"
"state","poor","poor","poor","poor","poor","poor"
"university","choices","choices","choices","choices","choic","choice"
"management","performance","performance","performance","performance","perform","performance"
"professor","measures","measures","measures","measures","measur","measure"
"and","supercritical","supercritical","supercritical","supercritical","supercrit","supercritical"
"author","reasonable","reasonable","reasonable","reasonable","reason","reasonable"
"of","rubrics","rubrics","rubrics","rubrics","rubric","rubric"
"why","metrics","metrics","metrics","metrics","metric","metric"
"decisions","attached","attached","attached","attached","attach","attach"
"fail:","decision","decision","decision","decision","decis","decision"
"avoiding","minimum","minimum","minimum","minimum","minimum","minimum"
"the","targets","targets","targets","targets","target","target"
"blunders","key","key","key","key","kei","key"
"and","takeaway","takeaway","takeaway","takeaway","takeawai","takeaway"
"traps","decision making","decision making","decision making","decision making","decisionmak","decisionmaking"
"that","iterative","iterative","iterative","iterative","iter","iterative"
"lead","process","process","process","process","process","process"
"to","decisions","decisions","decisions","decisions","decis","decision"
"debacles,","hypotheses","hypotheses","hypotheses","hypotheses","hypothes","hypothesis"
"the","data","data","data","data","data","datum"
"root","wrong","wrong","wrong","wrong","wrong","wrong"
"cause","chippy","chippy","chippy","chippy","kippi","kippy"
"of","compute","compute","compute","compute","comput","compute"
"decision","kips","kips","kips","kips","kpi","kpis"
"failure","projects","projects","projects","projects","project","project"
"is","departments","departments","departments","departments","depart","department"
"selecting","objectives","objectives","objectives","objectives","object","objective"
"from","individuals","individuals","individuals","individuals","individu","individual"
"a","providing","providing","providing","providing","provid","provide"
"limited","Birdseye","Birdseye","Birdseye","Birdseye","birdsey","birdseye"
"pool","view","view","view","view","view","view"
"of","performance","performance","performance","performance","perform","performance"
"potential","desired","desired","desired","desired","desir","desire"
"options","unit","unit","unit","unit","unit","unit"
"or","set","set","set","set","set","set"
"solutions.","kip","kip","kip","kip","kpi","kpi"
"paul","targets","targets","targets","targets","target","target"
"nutt","drive","drive","drive","drive","drive","drive"
"found","business","business","business","business","busi","business"
"that","growth","growth","growth","growth","growth","growth"
"executives","imagine","imagine","imagine","imagine","imagin","imagine"
"only","experience","experience","experience","experience","experi","experience"
"examine","feel","feel","feel","feel","feel","feel"
"one","customers","customers","customers","customers","custom","customer"
"additional","leaders","leaders","leaders","leaders","leader","leader"
"alternative","simulate","simulate","simulate","simulate","simul","simulate"
"70%","scenarios","scenarios","scenarios","scenarios","scenario","scenario"
"of","virtual","virtual","virtual","virtual","virtual","virtual"
"the","reality","reality","reality","reality","realiti","reality"
"time","technology","technology","technology","technology","technologi","technology"
"when","decisions","decisions","decisions","decisions","decis","decision"
"making","based","based","based","based","base","base"
"important","they've","they've","they've","they've","theyv","theyve"
"strategic","experienced","experienced","experienced","experienced","experienc","experience"
"decisions.","data","data","data","data","data","datum"
"yet,","experience","experience","experience","experience","experi","experience"
"he","helpful","helpful","helpful","helpful","help","helpful"
"found","product","product","product","product","product","product"
"evidence","development","development","development","development","develop","development"
"that","marketing","marketing","marketing","marketing","market","market"
"enlarging","decisions","decisions","decisions","decisions","decis","decision"
"the","strategic","strategic","strategic","strategic","strateg","strategic"
"pool","decision making","decision making","decision making","decision making","decisionmak","decisionmaking"
"of","arduous","arduous","arduous","arduous","arduou","arduous"
"alternatives","process","process","process","process","process","process"
"improves","guarantees","guarantees","guarantees","guarantees","guarante","guarantee"
"the","you'll","you'll","you'll","you'll","youll","youll"
"quality","decision","decision","decision","decision","decis","decision"
"of","there","there","there","there","theyr","theyre"
"decisions.","inherently","inherently","inherently","inherently","inher","inherently"
"foundational","risky","risky","risky","risky","riski","risky"
"problems","uncertain","uncertain","uncertain","uncertain","uncertain","uncertain"
"like","technology","technology","technology","technology","technologi","technology"
"ego,","improve","improve","improve","improve","improv","improve"
"haste,","decision making","decision making","decision making","decision making","decisionmak","decisionmaking"
"and","tremendously","tremendously","tremendously","tremendously","tremend","tremendously"
"biased","automate","automate","automate","automate","autom","automate"
"motives","tasks","tasks","tasks","tasks","task","task"
"may","increase","increase","increase","increase","increas","increase"
"be","speed","speed","speed","speed","speed","speed"
"responsible","leverage","leverage","leverage","leverage","leverag","leverage"
"for","machine","machine","machine","machine","machin","machine"
"executives","learning","learning","learning","learning","learn","learn"
"sticking","artificial","artificial","artificial","artificial","artifici","artificial"
"to","intelligence","intelligence","intelligence","intelligence","intellig","intelligence"
"one","predict","predict","predict","predict","predict","predict"
"alternative.","future","future","future","future","futur","future"
"technology","reduce","reduce","reduce","reduce","reduc","reduce"
"cannot","risk","risk","risk","risk","risk","risk"
"fix","uncertainty","uncertainty","uncertainty","uncertainty","uncertainti","uncertainty"
"those,","technology","technology","technology","technology","technologi","technology"
"but","agile","agile","agile","agile","agil","agile"
"it","choices","choices","choices","choices","choic","choice"
"may","quickly","quickly","quickly","quickly","quickli","quickly"
"help","pivot","pivot","pivot","pivot","pivot","pivot"
"you","your","your","your","your","your","youre"
"garner","results","results","results","results","result","result"
"and","targeted","targeted","targeted","targeted","target","target"
"brainstorm","technology","technology","technology","technology","technologi","technology"
"more","embedded","embedded","embedded","embedded","embed","embed"
"alternatives.","decision making","decision making","decision making","decision making","decisionmak","decisionmaking"
"we<e2><80><99>ve","process","process","process","process","process","process"
"established","worth","worth","worth","worth","worth","worth"
"how","weight","weight","weight","weight","weight","weight"
"building","gold","gold","gold","gold","gold","gold"
"a","font","font","font","font","dont","do"
"pool","strategic","strategic","strategic","strategic","strateg","strategic"
"of","decision making","decision making","decision making","decision making","decisionmak","decisionmaking"
"alternatives","complex","complex","complex","complex","complex","complex"
"improves","task","task","task","task","task","task"
"the","request","request","request","request","request","request"
"probability","live","live","live","live","live","live"
"of","demo","demo","demo","demo","demo","demo"
"making","chippy","chippy","chippy","chippy","kippi","kippy"
"quality","faster","faster","faster","faster","faster","fast"
"decisions.","decisions","decisions","decisions","decisions","decis","decision"
"but","unlocking","unlocking","unlocking","unlocking","unlock","unlock"
"how","strategic","strategic","strategic","strategic","strateg","strategic"
"do","success","success","success","success","success","success"
"you","role","role","role","role","role","role"
"evaluate","artificial","artificial","artificial","artificial","artifici","artificial"
"these","intelligence","intelligence","intelligence","intelligence","intellig","intelligence"
"alternatives?","strategy","strategy","strategy","strategy","strategi","strategy"
"it<e2><80><99>s","execution","execution","execution","execution","execut","execution"
"through","unlocking","unlocking","unlocking","unlocking","unlock","unlock"
"analysis","organizational","organizational","organizational","organizational","organiz","organizational"
"of","success","success","success","success","success","success"
"alternatives","strategy","strategy","strategy","strategy","strategi","strategy"
"(aoa).","maps","maps","maps","maps","map","map"
"tools","comprehensive","comprehensive","comprehensive","comprehensive","comprehens","comprehensive"
"and","guide","guide","guide","guide","guid","guide"
"frameworks","corporate","corporate","corporate","corporate","corpor","corporate"
"used","business","business","business","business","busi","business"
"for","strategy","strategy","strategy","strategy","strategi","strategy"
"an","comprehensive","comprehensive","comprehensive","comprehensive","comprehens","comprehensive"
"aoa","guide","guide","guide","guide","guid","guide"
"include","leaders","leaders","leaders","leaders","leader","leader"
"scenario","home why","home why","home why","home why","homewhi","homewhy"
"analysis,","kippyfeaturespricing","kippyfeaturespricing","kippyfeaturespricing","kippyfeaturespricing","kippyfeaturespr","kippyfeaturespricing"
"consensus","demo","demo","demo","demo","demo","demo"
"tracking","companyaboutblogcustomers","companyaboutblogcustomers","companyaboutblogcustomers","companyaboutblogcustomers","companyaboutblogcustom","companyaboutblogcustomers"
"for","resourcesvideoslearninghow","resourcesvideoslearninghow","resourcesvideoslearninghow","resourcesvideoslearninghow","resourcesvideoslearninghow","resourcesvideoslearninghow"
"decision","study","study","study","study","studi","study"
"management,","accountloginsignupsecurity","accountloginsignupsecurity","accountloginsignupsecurity","accountloginsignupsecurity","accountloginsignupsecur","accountloginsignupsecurity"
"cost-benefit","powered","powered","powered","powered","power","power"
"analysis,","share","share","share","share","share","share"
"risk","email","email","email","email","email","email"
"evaluation,","address","address","address","address","address","address"
"suitability,","information","information","information","information","inform","information"
"swot","copyright","copyright","copyright","copyright","copyright","copyright"
"analysis,","chippy","chippy","chippy","chippy","kippi","kippy"
"pest","kip","kip","kip","kip","kpi","kpi"
"analysis,","management","management","management","management","manag","management"
"life-cycle","limited","limited","limited","limited","limit","limit"
"cost,","rights","rights","rights","rights","right","right"
"project","reserved","reserved","reserved","reserved","reserv","reserve"
"timeline,","company","company","company","company","compani","company"
"and","registration","registration","registration","registration","registr","registration"
"sensitivity","England","England","England","England","england","england"
"analysis.","wales","wales","wales","wales","wale","wale"
"the","contact","contact","contact","contact","contact","contact"
"key","infokippycloud","infokippycloud","infokippycloud","infokippycloud","infokippycloud","infokippycloud"
"factor","partnership","partnership","partnership","partnership","partnership","partnership"
"here","","","","","",""
"is","","","","","",""
"to","","","","","",""
"define","","","","","",""
"the","","","","","",""
"problem,","","","","","",""
"objectives,","","","","","",""
"and","","","","","",""
"business","","","","","",""
"context","","","","","",""
"and","","","","","",""
"then","","","","","",""
"determine","","","","","",""
"the","","","","","",""
"overriding","","","","","",""
"ground","","","","","",""
"rules","","","","","",""
"your","","","","","",""
"analysis","","","","","",""
"will","","","","","",""
"be","","","","","",""
"based","","","","","",""
"on.","","","","","",""
"simul8","","","","","",""
"is","","","","","",""
"a","","","","","",""
"great","","","","","",""
"example","","","","","",""
"of","","","","","",""
"a","","","","","",""
"tool","","","","","",""
"used","","","","","",""
"by","","","","","",""
"organizations","","","","","",""
"to","","","","","",""
"e","","","","","",""
"tongue","","","","","",""
"sticking","","","","","",""
"out","","","","","",""
"eriment","","","","","",""
"with","","","","","",""
"business","","","","","",""
"processes","","","","","",""
"and","","","","","",""
"plan","","","","","",""
"scenarios.","","","","","",""
"sap","","","","","",""
"and","","","","","",""
"oracle","","","","","",""
"have","","","","","",""
"modules","","","","","",""
"and","","","","","",""
"features","","","","","",""
"for","","","","","",""
"performing","","","","","",""
"cost","","","","","",""
"analysis","","","","","",""
"and","","","","","",""
"risk","","","","","",""
"assessment.","","","","","",""
"bounded","","","","","",""
"rationality","","","","","",""
"is","","","","","",""
"one","","","","","",""
"of","","","","","",""
"the","","","","","",""
"challenges","","","","","",""
"leaders","","","","","",""
"face","","","","","",""
"when","","","","","",""
"making","","","","","",""
"decisions.","","","","","",""
"management","","","","","",""
"school","","","","","",""
"of","","","","","",""
"thought","","","","","",""
"defines","","","","","",""
"this","","","","","",""
"as","","","","","",""
"<e2><80><9c>the","","","","","",""
"notion","","","","","",""
"that","","","","","",""
"challenging","","","","","",""
"complex","","","","","",""
"issues","","","","","",""
"that","","","","","",""
"leaders","","","","","",""
"cannot","","","","","",""
"fully","","","","","",""
"grasp","","","","","",""
"makes","","","","","",""
"them","","","","","",""
"unable","","","","","",""
"to","","","","","",""
"be","","","","","",""
"rational","","","","","",""
"about","","","","","",""
"the","","","","","",""
"situation,","","","","","",""
"and","","","","","",""
"are,","","","","","",""
"therefore,","","","","","",""
"incapable","","","","","",""
"of","","","","","",""
"understanding","","","","","",""
"an","","","","","",""
"alternative.<e2><80><9d>","","","","","",""
"amongst","","","","","",""
"decision","","","","","",""
"makers,","","","","","",""
"there","","","","","",""
"are","","","","","",""
"likely","","","","","",""
"those","","","","","",""
"with","","","","","",""
"limited","","","","","",""
"knowledge","","","","","",""
"about","","","","","",""
"a","","","","","",""
"particular","","","","","",""
"business","","","","","",""
"problem","","","","","",""
"or","","","","","",""
"parts","","","","","",""
"of","","","","","",""
"it.","","","","","",""
"executives","","","","","",""
"must","","","","","",""
"research","","","","","",""
"and","","","","","",""
"go","","","","","",""
"through","","","","","",""
"plenty","","","","","",""
"of","","","","","",""
"pages","","","","","",""
"to","","","","","",""
"bridge","","","","","",""
"that","","","","","",""
"gap.","","","","","",""
"technology","","","","","",""
"tools","","","","","",""
"can","","","","","",""
"help.","","","","","",""
"leaders","","","","","",""
"can","","","","","",""
"use","","","","","",""
"ai","","","","","",""
"tools","","","","","",""
"for","","","","","",""
"swot","","","","","",""
"analysis,","","","","","",""
"research","","","","","",""
"market","","","","","",""
"trends,","","","","","",""
"and","","","","","",""
"summarize","","","","","",""
"competitors<e2><80><99>","","","","","",""
"annual","","","","","",""
"reports","","","","","",""
"in","","","","","",""
"seconds.","","","","","",""
"additionally,","","","","","",""
"you","","","","","",""
"can","","","","","",""
"build","","","","","",""
"custom","","","","","",""
"solutions","","","","","",""
"using","","","","","",""
"the","","","","","",""
"same","","","","","",""
"models","","","","","",""
"that","","","","","",""
"power","","","","","",""
"these","","","","","",""
"ai","","","","","",""
"tools.","","","","","",""
"these","","","","","",""
"solutions","","","","","",""
"are","","","","","",""
"built","","","","","",""
"on","","","","","",""
"your","","","","","",""
"company<e2><80><99>s","","","","","",""
"data.","","","","","",""
"as","","","","","",""
"such,","","","","","",""
"you","","","","","",""
"can","","","","","",""
"query","","","","","",""
"such","","","","","",""
"applications","","","","","",""
"to","","","","","",""
"get","","","","","",""
"more","","","","","",""
"information","","","","","",""
"about","","","","","",""
"the","","","","","",""
"customer","","","","","",""
"journey,","","","","","",""
"a","","","","","",""
"department,","","","","","",""
"product,","","","","","",""
"or","","","","","",""
"service.","","","","","",""
"the","","","","","",""
"decision-making","","","","","",""
"process","","","","","",""
"has","","","","","",""
"many","","","","","",""
"tedious","","","","","",""
"and","","","","","",""
"repetitive","","","","","",""
"tasks","","","","","",""
"that","","","","","",""
"take","","","","","",""
"your","","","","","",""
"time.","","","","","",""
"every","","","","","",""
"productive","","","","","",""
"hour","","","","","",""
"counts","","","","","",""
"in","","","","","",""
"today<e2><80><99>s","","","","","",""
"world,","","","","","",""
"where","","","","","",""
"speed,","","","","","",""
"agility,","","","","","",""
"and","","","","","",""
"time-to-market","","","","","",""
"matter.","","","","","",""
"for","","","","","",""
"example,","","","","","",""
"let<e2><80><99>s","","","","","",""
"say","","","","","",""
"you","","","","","",""
"want","","","","","",""
"open-ended","","","","","",""
"feedback","","","","","",""
"from","","","","","",""
"your","","","","","",""
"customers","","","","","",""
"or","","","","","",""
"employees","","","","","",""
"about","","","","","",""
"a","","","","","",""
"decision.","","","","","",""
"it<e2><80><99>ll","","","","","",""
"take","","","","","",""
"you","","","","","",""
"days","","","","","",""
"and","","","","","",""
"maybe","","","","","",""
"weeks","","","","","",""
"to","","","","","",""
"sift","","","","","",""
"through","","","","","",""
"each","","","","","",""
"response","","","","","",""
"to","","","","","",""
"uncover","","","","","",""
"valuable","","","","","",""
"insight,","","","","","",""
"particularly","","","","","",""
"if","","","","","",""
"you","","","","","",""
"have","","","","","",""
"a","","","","","",""
"large","","","","","",""
"customer","","","","","",""
"or","","","","","",""
"employee","","","","","",""
"base.","","","","","",""
"you","","","","","",""
"can","","","","","",""
"deploy","","","","","",""
"automated","","","","","",""
"text","","","","","",""
"analytics","","","","","",""
"to","","","","","",""
"tag","","","","","",""
"each","","","","","",""
"comment","","","","","",""
"and","","","","","",""
"classify","","","","","",""
"them","","","","","",""
"based","","","","","",""
"on","","","","","",""
"sentiment","","","","","",""
"and","","","","","",""
"theme.","","","","","",""
"this","","","","","",""
"process","","","","","",""
"simplifies","","","","","",""
"your","","","","","",""
"work,","","","","","",""
"and","","","","","",""
"you","","","","","",""
"can","","","","","",""
"easily","","","","","",""
"dig","","","","","",""
"into","","","","","",""
"the","","","","","",""
"topics","","","","","",""
"that","","","","","",""
"matter","","","","","",""
"to","","","","","",""
"your","","","","","",""
"decision.","","","","","",""
"you","","","","","",""
"may","","","","","",""
"also","","","","","",""
"like:","","","","","",""
"how","","","","","",""
"to","","","","","",""
"manage","","","","","",""
"your","","","","","",""
"corporate","","","","","",""
"strategy","","","","","",""
"using","","","","","",""
"artificial","","","","","",""
"intelligence","","","","","",""
"tools","","","","","",""
"like","","","","","",""
"kippy","","","","","",""
"help","","","","","",""
"executives","","","","","",""
"and","","","","","",""
"line","","","","","",""
"managers","","","","","",""
"cascade","","","","","",""
"strategic","","","","","",""
"decisions","","","","","",""
"and","","","","","",""
"goals","","","","","",""
"to","","","","","",""
"all","","","","","",""
"levels","","","","","",""
"of","","","","","",""
"your","","","","","",""
"organization,","","","","","",""
"including","","","","","",""
"business","","","","","",""
"units","","","","","",""
"and","","","","","",""
"individuals.","","","","","",""
"everyone","","","","","",""
"in","","","","","",""
"the","","","","","",""
"organization","","","","","",""
"knows","","","","","",""
"what","","","","","",""
"they<e2><80><99>re","","","","","",""
"working","","","","","",""
"on","","","","","",""
"and","","","","","",""
"which","","","","","",""
"parts","","","","","",""
"are","","","","","",""
"a","","","","","",""
"priority.","","","","","",""
"you","","","","","",""
"can","","","","","",""
"also","","","","","",""
"assign","","","","","",""
"each","","","","","",""
"goal","","","","","",""
"and","","","","","",""
"task","","","","","",""
"under","","","","","",""
"a","","","","","",""
"decision","","","","","",""
"to","","","","","",""
"a","","","","","",""
"team","","","","","",""
"or","","","","","",""
"individual","","","","","",""
"to","","","","","",""
"help","","","","","",""
"with","","","","","",""
"accountability.","","","","","",""
"clear","","","","","",""
"ownership","","","","","",""
"for","","","","","",""
"each","","","","","",""
"task","","","","","",""
"is","","","","","",""
"essential","","","","","",""
"in","","","","","",""
"ensuring","","","","","",""
"multiple","","","","","",""
"departments","","","","","",""
"are","","","","","",""
"not","","","","","",""
"working","","","","","",""
"on","","","","","",""
"the","","","","","",""
"same","","","","","",""
"task","","","","","",""
"and","","","","","",""
"duplicating","","","","","",""
"effort.","","","","","",""
"case","","","","","",""
"study:","","","","","",""
"see","","","","","",""
"how","","","","","",""
"gri","","","","","",""
"tires","","","","","",""
"used","","","","","",""
"kippy","","","","","",""
"for","","","","","",""
"top-to-bottom","","","","","",""
"strategic","","","","","",""
"alignment","","","","","",""
"how","","","","","",""
"do","","","","","",""
"you","","","","","",""
"know","","","","","",""
"if","","","","","",""
"you","","","","","",""
"should","","","","","",""
"cut","","","","","",""
"your","","","","","",""
"losses,","","","","","",""
"alter","","","","","",""
"your","","","","","",""
"plans,","","","","","",""
"or","","","","","",""
"continue","","","","","",""
"as","","","","","",""
"is?","","","","","",""
"you","","","","","",""
"can","","","","","",""
"do","","","","","",""
"this","","","","","",""
"through","","","","","",""
"an","","","","","",""
"objective,","","","","","",""
"data-driven","","","","","",""
"review.","","","","","",""
"otherwise,","","","","","",""
"it","","","","","",""
"is","","","","","",""
"easy","","","","","",""
"to","","","","","",""
"fall","","","","","",""
"into","","","","","",""
"the","","","","","",""
"trap","","","","","",""
"of","","","","","",""
"""escalation","","","","","",""
"of","","","","","",""
"commitment,""","","","","","",""
"where","","","","","",""
"things","","","","","",""
"are","","","","","",""
"not","","","","","",""
"working,","","","","","",""
"but","","","","","",""
"you","","","","","",""
"are","","","","","",""
"too","","","","","",""
"stuck","","","","","",""
"on","","","","","",""
"your","","","","","",""
"poor","","","","","",""
"choices.","","","","","",""
"that","","","","","",""
"is","","","","","",""
"why","","","","","",""
"performance","","","","","",""
"measures","","","","","",""
"are","","","","","",""
"supercritical.","","","","","",""
"you","","","","","",""
"must","","","","","",""
"have","","","","","",""
"reasonable","","","","","",""
"rubrics","","","","","",""
"and","","","","","",""
"metrics","","","","","",""
"attached","","","","","",""
"to","","","","","",""
"every","","","","","",""
"decision","","","","","",""
"and","","","","","",""
"their","","","","","",""
"minimum","","","","","",""
"targets.","","","","","",""
"the","","","","","",""
"key","","","","","",""
"takeaway","","","","","",""
"here","","","","","",""
"is","","","","","",""
"that","","","","","",""
"decision-making","","","","","",""
"is","","","","","",""
"an","","","","","",""
"iterative","","","","","",""
"process.","","","","","",""
"think","","","","","",""
"of","","","","","",""
"all","","","","","",""
"your","","","","","",""
"decisions","","","","","",""
"as","","","","","",""
"hypotheses.","","","","","",""
"the","","","","","",""
"data","","","","","",""
"will","","","","","",""
"tell","","","","","",""
"you","","","","","",""
"if","","","","","",""
"you","","","","","",""
"were","","","","","",""
"right","","","","","",""
"or","","","","","",""
"wrong.","","","","","",""
"kippy","","","","","",""
"allows","","","","","",""
"you","","","","","",""
"to","","","","","",""
"compute","","","","","",""
"kpis","","","","","",""
"across","","","","","",""
"projects,","","","","","",""
"departments,","","","","","",""
"objectives,","","","","","",""
"and","","","","","",""
"individuals,","","","","","",""
"providing","","","","","",""
"a","","","","","",""
"bird's-eye","","","","","",""
"view","","","","","",""
"of","","","","","",""
"performance","","","","","",""
"across","","","","","",""
"your","","","","","",""
"desired","","","","","",""
"unit.","","","","","",""
"you","","","","","",""
"may","","","","","",""
"also","","","","","",""
"like:","","","","","",""
"how","","","","","",""
"to","","","","","",""
"set","","","","","",""
"kpi","","","","","",""
"targets","","","","","",""
"that","","","","","",""
"drive","","","","","",""
"business","","","","","",""
"growth","","","","","",""
"some","","","","","",""
"things","","","","","",""
"are","","","","","",""
"best","","","","","",""
"seen.","","","","","",""
"rather","","","","","",""
"than","","","","","",""
"imagine","","","","","",""
"what","","","","","",""
"an","","","","","",""
"e","","","","","",""
"tongue","","","","","",""
"sticking","","","","","",""
"out","","","","","",""
"erience","","","","","",""
"may","","","","","",""
"feel","","","","","",""
"like","","","","","",""
"for","","","","","",""
"customers,","","","","","",""
"leaders","","","","","",""
"can","","","","","",""
"simulate","","","","","",""
"different","","","","","",""
"scenarios","","","","","",""
"through","","","","","",""
"the","","","","","",""
"help","","","","","",""
"of","","","","","",""
"virtual","","","","","",""
"reality","","","","","",""
"technology.","","","","","",""
"they","","","","","",""
"can","","","","","",""
"then","","","","","",""
"make","","","","","",""
"decisions","","","","","",""
"based","","","","","",""
"on","","","","","",""
"what","","","","","",""
"they<e2><80><99>ve","","","","","",""
"e","","","","","",""
"tongue","","","","","",""
"sticking","","","","","",""
"out","","","","","",""
"erienced","","","","","",""
"and","","","","","",""
"the","","","","","",""
"data","","","","","",""
"backing","","","","","",""
"up","","","","","",""
"that","","","","","",""
"e","","","","","",""
"tongue","","","","","",""
"sticking","","","","","",""
"out","","","","","",""
"erience.","","","","","",""
"using","","","","","",""
"vr","","","","","",""
"is","","","","","",""
"particularly","","","","","",""
"helpful","","","","","",""
"for","","","","","",""
"product","","","","","",""
"development","","","","","",""
"or","","","","","",""
"marketing","","","","","",""
"decisions.","","","","","",""
"strategic","","","","","",""
"decision-making","","","","","",""
"can","","","","","",""
"be","","","","","",""
"a","","","","","",""
"long","","","","","",""
"and","","","","","",""
"arduous","","","","","",""
"process.","","","","","",""
"there","","","","","",""
"are","","","","","",""
"also","","","","","",""
"no","","","","","",""
"guarantees","","","","","",""
"that","","","","","",""
"you","","","","","",""
"will","","","","","",""
"get","","","","","",""
"every","","","","","",""
"decision","","","","","",""
"right","","","","","",""
"because","","","","","",""
"they","","","","","",""
"are","","","","","",""
"inherently","","","","","",""
"risky","","","","","",""
"and","","","","","",""
"uncertain.","","","","","",""
"technology","","","","","",""
"can","","","","","",""
"help","","","","","",""
"to","","","","","",""
"improve","","","","","",""
"your","","","","","",""
"decision-making","","","","","",""
"tremendously.","","","","","",""
"you","","","","","",""
"can","","","","","",""
"automate","","","","","",""
"tasks","","","","","",""
"to","","","","","",""
"increase","","","","","",""
"speed.","","","","","",""
"you","","","","","",""
"can","","","","","",""
"try","","","","","",""
"to","","","","","",""
"leverage","","","","","",""
"machine","","","","","",""
"learning","","","","","",""
"and","","","","","",""
"artificial","","","","","",""
"intelligence","","","","","",""
"to","","","","","",""
"predict","","","","","",""
"the","","","","","",""
"future","","","","","",""
"and","","","","","",""
"reduce","","","","","",""
"risk","","","","","",""
"and","","","","","",""
"uncertainty.","","","","","",""
"technology","","","","","",""
"keeps","","","","","",""
"you","","","","","",""
"agile.","","","","","",""
"you","","","","","",""
"can","","","","","",""
"make","","","","","",""
"choices","","","","","",""
"and","","","","","",""
"quickly","","","","","",""
"pivot","","","","","",""
"if","","","","","",""
"you","","","","","",""
"are","","","","","",""
"not","","","","","",""
"getting","","","","","",""
"the","","","","","",""
"results","","","","","",""
"you","","","","","",""
"targeted.","","","","","",""
"technology","","","","","",""
"embedded","","","","","",""
"in","","","","","",""
"the","","","","","",""
"decision-making","","","","","",""
"process","","","","","",""
"is","","","","","",""
"worth","","","","","",""
"its","","","","","",""
"weight","","","","","",""
"in","","","","","",""
"gold.","","","","","",""
"do","","","","","",""
"not","","","","","",""
"let","","","","","",""
"strategic","","","","","",""
"decision-making","","","","","",""
"be","","","","","",""
"a","","","","","",""
"complex","","","","","",""
"task.","","","","","",""
"request","","","","","",""
"a","","","","","",""
"live","","","","","",""
"demo","","","","","",""
"with","","","","","",""
"kippy","","","","","",""
"today","","","","","",""
"to","","","","","",""
"see","","","","","",""
"how","","","","","",""
"it","","","","","",""
"can","","","","","",""
"help","","","","","",""
"you","","","","","",""
"make","","","","","",""
"better","","","","","",""
"and","","","","","",""
"faster","","","","","",""
"decisions!","","","","","",""
"unlocking","","","","","",""
"strategic","","","","","",""
"success:","","","","","",""
"the","","","","","",""
"role","","","","","",""
"of","","","","","",""
"artificial","","","","","",""
"intelligence","","","","","",""
"in","","","","","",""
"strategy","","","","","",""
"execution","","","","","",""
"unlocking","","","","","",""
"organizational","","","","","",""
"success","","","","","",""
"with","","","","","",""
"strategy","","","","","",""
"maps:","","","","","",""
"a","","","","","",""
"comprehensive","","","","","",""
"guide","","","","","",""
"corporate","","","","","",""
"vs.","","","","","",""
"business","","","","","",""
"strategy:","","","","","",""
"a","","","","","",""
"comprehensive","","","","","",""
"guide","","","","","",""
"for","","","","","",""
"leaders","","","","","",""
"homewhy","","","","","",""
"kippy?featurespricing","","","","","",""
"demo","","","","","",""
"companyaboutblogcustomers","","","","","",""
"resourcesvideoslearninghow","","","","","",""
"to","","","","","",""
"case","","","","","",""
"study","","","","","",""
"accountloginsignupsecurity","","","","","",""
"powered","","","","","",""
"by","","","","","",""
"nb","","","","","",""
"we","","","","","",""
"will","","","","","",""
"not","","","","","",""
"share","","","","","",""
"your","","","","","",""
"email","","","","","",""
"address","","","","","",""
"or","","","","","",""
"any","","","","","",""
"of","","","","","",""
"your","","","","","",""
"information.","","","","","",""
"<c2><a9>","","","","","",""
"copyright","","","","","",""
"2024","","","","","",""
"kippy","","","","","",""
"kpi","","","","","",""
"management","","","","","",""
"limited.","","","","","",""
"all","","","","","",""
"rights","","","","","",""
"reserved.","","","","","",""
"company","","","","","",""
"registration","","","","","",""
"number","","","","","",""
"12239770","","","","","",""
"(england","","","","","",""
"and","","","","","",""
"wales)","","","","","",""
"contact","","","","","",""
"us","","","","","",""
"at","","","","","",""
"info@kippy.cloud","","","","","",""
"in","","","","","",""
"partnership","","","","","",""
"with","","","","","",""
